family,size,mincut,contract,fastcut,contract_time,fastcut_time,contract_success,fastcut_success
watts_strogatz_graph,10,1,1,1,0.011,0.172,1,1
watts_strogatz_graph,10,1,1,1,0.009,0.238,1,1
watts_strogatz_graph,10,1,1,1,0.01,0.236,1,1
watts_strogatz_graph,10,1,1,1,0.01,0.256,1,1
watts_strogatz_graph,10,1,1,1,0.01,0.268,1,1
watts_strogatz_graph,10,1,1,1,0.01,0.235,1,1
watts_strogatz_graph,10,1,1,1,0.01,0.238,1,1
watts_strogatz_graph,10,1,1,1,0.01,0.246,1,1
watts_strogatz_graph,10,1,1,1,0.009,0.254,1,1
watts_strogatz_graph,10,1,1,1,0.009,0.246,1,1
watts_strogatz_graph,10,1,1,1,0.009,0.276,1,1
watts_strogatz_graph,10,1,1,1,0.01,0.229,1,1
watts_strogatz_graph,10,1,1,1,0.009,0.338,1,1
watts_strogatz_graph,10,1,1,1,0.009,0.194,1,1
watts_strogatz_graph,10,1,1,1,0.009,0.233,1,1
watts_strogatz_graph,10,1,1,1,0.01,0.327,1,1
watts_strogatz_graph,10,1,1,1,0.01,0.217,1,1
watts_strogatz_graph,10,1,1,1,0.01,0.158,1,1
watts_strogatz_graph,10,1,1,1,0.01,0.244,1,1
watts_strogatz_graph,10,1,1,1,0.01,0.207,1,1
watts_strogatz_graph,10,1,2,1,0.018,0.206,0,1
watts_strogatz_graph,10,1,1,1,0.01,0.268,1,1
watts_strogatz_graph,10,1,1,1,0.009,0.198,1,1
watts_strogatz_graph,10,1,1,1,0.01,0.192,1,1
watts_strogatz_graph,10,1,1,1,0.01,0.2,1,1
watts_strogatz_graph,10,1,1,1,0.01,0.171,1,1
watts_strogatz_graph,10,1,1,1,0.01,0.2,1,1
watts_strogatz_graph,10,1,1,1,0.01,0.202,1,1
watts_strogatz_graph,10,1,1,1,0.01,0.196,1,1
watts_strogatz_graph,10,1,1,1,0.009,0.21,1,1
watts_strogatz_graph,20,2,3,2,0.05,2.04,0,1
watts_strogatz_graph,20,2,4,2,0.046,2.075,0,1
watts_strogatz_graph,20,2,2,2,0.06,1.999,1,1
watts_strogatz_graph,20,2,3,2,0.048,2.104,0,1
watts_strogatz_graph,20,2,2,2,0.044,1.992,1,1
watts_strogatz_graph,20,2,2,2,0.063,2.008,1,1
watts_strogatz_graph,20,2,3,2,0.045,2.192,0,1
watts_strogatz_graph,20,2,4,2,0.1,2.122,0,1
watts_strogatz_graph,20,2,2,2,0.046,2.046,1,1
watts_strogatz_graph,20,2,3,2,0.046,2.524,0,1
watts_strogatz_graph,20,2,3,2,0.047,2.312,0,1
watts_strogatz_graph,20,2,3,2,0.048,2.24,0,1
watts_strogatz_graph,20,2,3,2,0.047,2.163,0,1
watts_strogatz_graph,20,2,4,2,0.043,2.181,0,1
watts_strogatz_graph,20,2,4,2,0.046,2.385,0,1
watts_strogatz_graph,20,2,3,2,0.048,2.028,0,1
watts_strogatz_graph,20,2,3,2,0.045,1.973,0,1
watts_strogatz_graph,20,2,3,2,0.047,2.055,0,1
watts_strogatz_graph,20,2,3,2,0.093,1.96,0,1
watts_strogatz_graph,20,2,2,2,0.045,1.961,1,1
watts_strogatz_graph,20,2,4,2,0.044,2.357,0,1
watts_strogatz_graph,20,2,11,2,0.062,2.08,0,1
watts_strogatz_graph,20,2,3,2,0.088,2.058,0,1
watts_strogatz_graph,20,2,2,2,0.045,2.021,1,1
watts_strogatz_graph,20,2,3,2,0.045,2.078,0,1
watts_strogatz_graph,20,2,2,2,0.045,2.058,1,1
watts_strogatz_graph,20,2,4,2,0.046,2.062,0,1
watts_strogatz_graph,20,2,3,2,0.049,2.362,0,1
watts_strogatz_graph,20,2,4,2,0.046,1.965,0,1
watts_strogatz_graph,20,2,4,2,0.044,1.985,0,1
watts_strogatz_graph,30,4,9,4,0.142,4.625,0,1
watts_strogatz_graph,30,4,5,4,0.186,6.199,0,1
watts_strogatz_graph,30,4,5,4,0.116,6.96,0,1
watts_strogatz_graph,30,4,8,4,0.12,5.551,0,1
watts_strogatz_graph,30,4,18,4,0.146,4.641,0,1
watts_strogatz_graph,30,4,4,4,0.181,4.553,1,1
watts_strogatz_graph,30,4,4,4,0.154,5.659,1,1
watts_strogatz_graph,30,4,11,4,0.187,4.631,0,1
watts_strogatz_graph,30,4,4,4,0.184,4.75,1,1
watts_strogatz_graph,30,4,5,4,0.152,6.377,0,1
watts_strogatz_graph,30,4,7,4,0.162,7.994,0,1
watts_strogatz_graph,30,4,29,4,0.122,5.903,0,1
watts_strogatz_graph,30,4,4,4,0.188,4.571,1,1
watts_strogatz_graph,30,4,8,4,0.195,4.928,0,1
watts_strogatz_graph,30,4,7,4,0.184,5.929,0,1
watts_strogatz_graph,30,4,4,4,0.189,4.635,1,1
watts_strogatz_graph,30,4,4,4,0.184,4.816,1,1
watts_strogatz_graph,30,4,6,4,0.186,5.842,0,1
watts_strogatz_graph,30,4,14,4,0.121,4.763,0,1
watts_strogatz_graph,30,4,7,4,0.187,4.8,0,1
watts_strogatz_graph,30,4,5,4,0.196,5.288,0,1
watts_strogatz_graph,30,4,9,4,0.189,4.691,0,1
watts_strogatz_graph,30,4,5,4,0.19,4.772,0,1
watts_strogatz_graph,30,4,4,4,0.195,5.002,1,1
watts_strogatz_graph,30,4,4,4,0.188,4.78,1,1
watts_strogatz_graph,30,4,4,4,0.176,4.973,1,1
watts_strogatz_graph,30,4,20,4,0.202,5.233,0,1
watts_strogatz_graph,30,4,4,4,0.185,4.644,1,1
watts_strogatz_graph,30,4,8,4,0.184,4.699,0,1
watts_strogatz_graph,30,4,5,4,0.183,5.015,0,1
watts_strogatz_graph,40,7,9,7,0.272,13.743,0,1
watts_strogatz_graph,40,7,11,7,0.305,14.663,0,1
watts_strogatz_graph,40,7,10,7,0.331,12.57,0,1
watts_strogatz_graph,40,7,10,7,0.324,12.708,0,1
watts_strogatz_graph,40,7,17,7,0.338,11.907,0,1
watts_strogatz_graph,40,7,8,7,0.462,16.538,0,1
watts_strogatz_graph,40,7,13,7,0.338,12.81,0,1
watts_strogatz_graph,40,7,7,7,0.343,12.603,1,1
watts_strogatz_graph,40,7,10,7,0.324,13.703,0,1
watts_strogatz_graph,40,7,14,7,0.331,11.964,0,1
watts_strogatz_graph,40,7,7,7,0.322,11.871,1,1
watts_strogatz_graph,40,7,9,7,0.338,12.209,0,1
watts_strogatz_graph,40,7,9,7,0.335,12.543,0,1
watts_strogatz_graph,40,7,10,7,0.338,11.815,0,1
watts_strogatz_graph,40,7,10,7,0.364,12.022,0,1
watts_strogatz_graph,40,7,10,7,0.282,11.897,0,1
watts_strogatz_graph,40,7,10,7,0.32,12.192,0,1
watts_strogatz_graph,40,7,7,7,0.356,11.855,1,1
watts_strogatz_graph,40,7,9,7,0.325,12.023,0,1
watts_strogatz_graph,40,7,8,7,0.319,11.985,0,1
watts_strogatz_graph,40,7,9,7,0.32,11.864,0,1
watts_strogatz_graph,40,7,8,7,0.319,12.013,0,1
watts_strogatz_graph,40,7,7,7,0.325,12.81,1,1
watts_strogatz_graph,40,7,7,7,0.319,11.832,1,1
watts_strogatz_graph,40,7,9,7,0.33,12.831,0,1
watts_strogatz_graph,40,7,10,7,0.324,11.962,0,1
watts_strogatz_graph,40,7,10,7,0.327,12.248,0,1
watts_strogatz_graph,40,7,8,7,0.333,12.642,0,1
watts_strogatz_graph,40,7,9,7,0.336,11.328,0,1
watts_strogatz_graph,40,7,10,7,0.327,11.922,0,1
watts_strogatz_graph,50,8,12,8,0.471,30.03,0,1
watts_strogatz_graph,50,8,23,8,0.491,29.145,0,1
watts_strogatz_graph,50,8,8,8,0.526,33.545,1,1
watts_strogatz_graph,50,8,9,8,0.504,28.791,0,1
watts_strogatz_graph,50,8,9,8,0.529,27.766,0,1
watts_strogatz_graph,50,8,9,8,0.494,27.47,0,1
watts_strogatz_graph,50,8,11,8,0.496,27.519,0,1
watts_strogatz_graph,50,8,10,8,0.473,29.031,0,1
watts_strogatz_graph,50,8,10,8,0.528,27.166,0,1
watts_strogatz_graph,50,8,11,8,0.447,27.921,0,1
watts_strogatz_graph,50,8,12,8,0.438,28.122,0,1
watts_strogatz_graph,50,8,10,8,0.67,28.282,0,1
watts_strogatz_graph,50,8,16,8,0.548,28.414,0,1
watts_strogatz_graph,50,8,23,8,0.474,28.209,0,1
watts_strogatz_graph,50,8,9,8,0.498,28.154,0,1
watts_strogatz_graph,50,8,15,8,0.471,27.438,0,1
watts_strogatz_graph,50,8,11,8,0.519,28.064,0,1
watts_strogatz_graph,50,8,12,8,0.583,30.253,0,1
watts_strogatz_graph,50,8,8,8,0.498,29.34,1,1
watts_strogatz_graph,50,8,10,8,0.5,34.712,0,1
watts_strogatz_graph,50,8,8,9,0.456,29.645,1,0
watts_strogatz_graph,50,8,16,8,0.507,29.829,0,1
watts_strogatz_graph,50,8,12,8,0.521,29.667,0,1
watts_strogatz_graph,50,8,10,8,0.517,29.554,0,1
watts_strogatz_graph,50,8,12,8,0.521,32.066,0,1
watts_strogatz_graph,50,8,9,8,0.521,29.826,0,1
watts_strogatz_graph,50,8,10,8,0.517,29.033,0,1
watts_strogatz_graph,50,8,15,8,0.566,29.224,0,1
watts_strogatz_graph,50,8,14,8,0.541,29.948,0,1
watts_strogatz_graph,50,8,13,8,0.544,29.618,0,1
watts_strogatz_graph,60,8,11,8,0.688,66.796,0,1
watts_strogatz_graph,60,8,15,8,0.717,79.362,0,1
watts_strogatz_graph,60,8,10,10,0.71,64.236,0,0
watts_strogatz_graph,60,8,14,8,0.807,64.43,0,1
watts_strogatz_graph,60,8,10,8,1.159,70.427,0,1
watts_strogatz_graph,60,8,11,8,0.717,61.501,0,1
watts_strogatz_graph,60,8,11,8,1.262,74.81,0,1
watts_strogatz_graph,60,8,23,8,0.749,66.067,0,1
watts_strogatz_graph,60,8,15,8,0.758,68.483,0,1
watts_strogatz_graph,60,8,15,8,1.055,61.872,0,1
watts_strogatz_graph,60,8,12,8,0.743,63.175,0,1
watts_strogatz_graph,60,8,17,8,1.012,66.147,0,1
watts_strogatz_graph,60,8,14,10,0.725,68.276,0,0
watts_strogatz_graph,60,8,12,8,0.741,64.906,0,1
watts_strogatz_graph,60,8,23,8,0.805,65.318,0,1
watts_strogatz_graph,60,8,15,8,1.196,62.572,0,1
watts_strogatz_graph,60,8,12,8,0.846,64.503,0,1
watts_strogatz_graph,60,8,14,8,0.771,62.346,0,1
watts_strogatz_graph,60,8,8,8,0.938,61.725,1,1
watts_strogatz_graph,60,8,11,10,1.357,66,0,0
watts_strogatz_graph,60,8,12,8,0.763,63.439,0,1
watts_strogatz_graph,60,8,10,8,1.159,59.336,0,1
watts_strogatz_graph,60,8,11,8,0.735,59.201,0,1
watts_strogatz_graph,60,8,13,8,0.719,63.003,0,1
watts_strogatz_graph,60,8,19,8,0.764,59.541,0,1
watts_strogatz_graph,60,8,13,8,0.724,63.487,0,1
watts_strogatz_graph,60,8,17,8,0.765,64.227,0,1
watts_strogatz_graph,60,8,11,8,1.1,65.563,0,1
watts_strogatz_graph,60,8,14,8,0.759,60.817,0,1
watts_strogatz_graph,60,8,16,8,0.832,61.169,0,1
watts_strogatz_graph,70,12,13,12,1.133,83.76,0,1
watts_strogatz_graph,70,12,17,12,1.342,76.682,0,1
watts_strogatz_graph,70,12,15,12,1.135,72.108,0,1
watts_strogatz_graph,70,12,20,12,1.013,71.364,0,1
watts_strogatz_graph,70,12,15,12,1.024,73.756,0,1
watts_strogatz_graph,70,12,15,13,1.195,74.519,0,0
watts_strogatz_graph,70,12,12,12,1.082,74.918,1,1
watts_strogatz_graph,70,12,17,12,1.045,78.048,0,1
watts_strogatz_graph,70,12,18,12,2.012,87.716,0,1
watts_strogatz_graph,70,12,16,13,1.079,76.981,0,0
watts_strogatz_graph,70,12,13,12,1.033,77.97,0,1
watts_strogatz_graph,70,12,16,12,1.021,75.762,0,1
watts_strogatz_graph,70,12,13,12,1.232,76.555,0,1
watts_strogatz_graph,70,12,17,12,1.021,77.07,0,1
watts_strogatz_graph,70,12,18,12,1.146,82.141,0,1
watts_strogatz_graph,70,12,15,12,1.093,80.385,0,1
watts_strogatz_graph,70,12,16,12,1.061,78.732,0,1
watts_strogatz_graph,70,12,17,12,1.224,75.936,0,1
watts_strogatz_graph,70,12,13,12,1.24,78.571,0,1
watts_strogatz_graph,70,12,16,12,1.02,72.809,0,1
watts_strogatz_graph,70,12,16,12,1.027,73.853,0,1
watts_strogatz_graph,70,12,16,12,1.017,70.146,0,1
watts_strogatz_graph,70,12,15,12,1.074,74.865,0,1
watts_strogatz_graph,70,12,20,12,1.079,69.253,0,1
watts_strogatz_graph,70,12,12,12,1.13,72.72,1,1
watts_strogatz_graph,70,12,15,12,1.062,71.457,0,1
watts_strogatz_graph,70,12,16,12,1.082,72.975,0,1
watts_strogatz_graph,70,12,12,12,1.055,69.736,1,1
watts_strogatz_graph,70,12,17,12,1.153,72.164,0,1
watts_strogatz_graph,70,12,16,12,1.021,69.555,0,1
watts_strogatz_graph,80,15,15,15,1.705,91.026,1,1
watts_strogatz_graph,80,15,17,15,2.014,86.613,0,1
watts_strogatz_graph,80,15,18,15,1.649,82.654,0,1
watts_strogatz_graph,80,15,17,15,1.591,85.488,0,1
watts_strogatz_graph,80,15,15,15,1.822,86.881,1,1
watts_strogatz_graph,80,15,15,15,1.816,100.014,1,1
watts_strogatz_graph,80,15,17,15,1.905,88.218,0,1
watts_strogatz_graph,80,15,16,15,1.733,92.023,0,1
watts_strogatz_graph,80,15,17,15,1.849,90.86,0,1
watts_strogatz_graph,80,15,21,15,1.736,91.063,0,1
watts_strogatz_graph,80,15,21,15,1.72,89.851,0,1
watts_strogatz_graph,80,15,20,15,1.751,90.215,0,1
watts_strogatz_graph,80,15,19,15,1.681,87.772,0,1
watts_strogatz_graph,80,15,22,15,1.922,86.226,0,1
watts_strogatz_graph,80,15,39,15,1.72,85.44,0,1
watts_strogatz_graph,80,15,20,15,1.677,86.637,0,1
watts_strogatz_graph,80,15,16,15,1.66,86.978,0,1
watts_strogatz_graph,80,15,17,15,1.74,82.484,0,1
watts_strogatz_graph,80,15,17,15,1.565,82.792,0,1
watts_strogatz_graph,80,15,15,15,1.638,84.691,1,1
watts_strogatz_graph,80,15,18,15,1.902,92.52,0,1
watts_strogatz_graph,80,15,17,15,1.827,87.418,0,1
watts_strogatz_graph,80,15,15,15,1.943,87.088,1,1
watts_strogatz_graph,80,15,18,15,1.939,94.912,0,1
watts_strogatz_graph,80,15,69,15,1.744,87.542,0,1
watts_strogatz_graph,80,15,18,15,1.777,83.653,0,1
watts_strogatz_graph,80,15,20,15,1.696,85.31,0,1
watts_strogatz_graph,80,15,21,15,1.633,93.368,0,1
watts_strogatz_graph,80,15,15,15,3.439,98.745,1,1
watts_strogatz_graph,80,15,21,16,1.519,83.009,0,0
watts_strogatz_graph,90,14,17,14,2.489,192.381,0,1
watts_strogatz_graph,90,14,21,14,2.683,181.277,0,1
watts_strogatz_graph,90,14,23,14,2.343,182.45,0,1
watts_strogatz_graph,90,14,20,14,2.801,186.315,0,1
watts_strogatz_graph,90,14,22,14,2.413,184.703,0,1
watts_strogatz_graph,90,14,24,14,2.285,180.499,0,1
watts_strogatz_graph,90,14,19,14,2.295,180.653,0,1
watts_strogatz_graph,90,14,25,14,2.264,178.735,0,1
watts_strogatz_graph,90,14,17,16,2.281,171.285,0,0
watts_strogatz_graph,90,14,18,14,2.2,173.284,0,1
watts_strogatz_graph,90,14,19,14,2.311,200.457,0,1
watts_strogatz_graph,90,14,19,14,2.546,185.117,0,1
watts_strogatz_graph,90,14,26,14,2.305,176.858,0,1
watts_strogatz_graph,90,14,25,14,3.107,173.405,0,1
watts_strogatz_graph,90,14,20,14,2.483,173.384,0,1
watts_strogatz_graph,90,14,20,16,2.387,181.56,0,0
watts_strogatz_graph,90,14,22,14,2.45,183.41,0,1
watts_strogatz_graph,90,14,21,14,2.706,185.054,0,1
watts_strogatz_graph,90,14,21,16,2.544,180.859,0,0
watts_strogatz_graph,90,14,20,14,2.878,177.804,0,1
watts_strogatz_graph,90,14,22,14,2.216,176.558,0,1
watts_strogatz_graph,90,14,25,14,2.331,180.433,0,1
watts_strogatz_graph,90,14,20,14,2.822,176.193,0,1
watts_strogatz_graph,90,14,20,14,2.436,176.494,0,1
watts_strogatz_graph,90,14,26,14,2.27,181.588,0,1
watts_strogatz_graph,90,14,16,14,2.613,186.222,0,1
watts_strogatz_graph,90,14,21,14,2.47,182.136,0,1
watts_strogatz_graph,90,14,40,14,2.497,181.787,0,1
watts_strogatz_graph,90,14,26,14,2.451,181.931,0,1
watts_strogatz_graph,90,14,19,14,2.435,181.982,0,1
watts_strogatz_graph,100,18,24,19,3.627,208.663,0,0
watts_strogatz_graph,100,18,24,18,3.171,199.015,0,1
watts_strogatz_graph,100,18,23,18,3.302,213.351,0,1
watts_strogatz_graph,100,18,24,18,3.005,205.307,0,1
watts_strogatz_graph,100,18,24,19,3.077,207.533,0,0
watts_strogatz_graph,100,18,26,19,2.991,205.337,0,0
watts_strogatz_graph,100,18,26,18,3.62,201.669,0,1
watts_strogatz_graph,100,18,21,18,3.219,197.498,0,1
watts_strogatz_graph,100,18,26,18,3.049,202.95,0,1
watts_strogatz_graph,100,18,24,18,3.401,204.962,0,1
watts_strogatz_graph,100,18,20,19,3.577,200.593,0,0
watts_strogatz_graph,100,18,22,18,3.216,191.888,0,1
watts_strogatz_graph,100,18,21,18,3.045,232.082,0,1
watts_strogatz_graph,100,18,23,19,3.259,192.196,0,0
watts_strogatz_graph,100,18,18,19,3.076,187.94,1,0
watts_strogatz_graph,100,18,18,18,3.206,197.725,1,1
watts_strogatz_graph,100,18,26,18,3.206,200.2,0,1
watts_strogatz_graph,100,18,24,18,3.615,186.149,0,1
watts_strogatz_graph,100,18,24,18,2.996,188.634,0,1
watts_strogatz_graph,100,18,22,18,3.057,187.557,0,1
watts_strogatz_graph,100,18,25,19,3.234,195.817,0,0
watts_strogatz_graph,100,18,26,18,3.065,192.271,0,1
watts_strogatz_graph,100,18,62,18,2.934,189.221,0,1
watts_strogatz_graph,100,18,50,18,3.106,225.23,0,1
watts_strogatz_graph,100,18,22,18,3.156,197.75,0,1
watts_strogatz_graph,100,18,23,18,3.394,198.525,0,1
watts_strogatz_graph,100,18,21,18,3.134,198.231,0,1
watts_strogatz_graph,100,18,25,19,2.96,188.92,0,0
watts_strogatz_graph,100,18,22,18,3.042,188.872,0,1
watts_strogatz_graph,100,18,23,18,3.155,192.416,0,1
watts_strogatz_graph,110,17,24,17,4.106,221.937,0,1
watts_strogatz_graph,110,17,23,17,4.019,205.224,0,1
watts_strogatz_graph,110,17,20,17,3.794,209.023,0,1
watts_strogatz_graph,110,17,25,17,4.474,236.47,0,1
watts_strogatz_graph,110,17,24,17,4.684,214.914,0,1
watts_strogatz_graph,110,17,22,17,3.843,218.856,0,1
watts_strogatz_graph,110,17,22,17,4.053,214.359,0,1
watts_strogatz_graph,110,17,26,17,4.048,209.853,0,1
watts_strogatz_graph,110,17,23,17,4.07,214.01,0,1
watts_strogatz_graph,110,17,28,17,4.084,213.286,0,1
watts_strogatz_graph,110,17,29,17,4.261,214.4,0,1
watts_strogatz_graph,110,17,46,17,4.305,203.562,0,1
watts_strogatz_graph,110,17,17,20,3.814,217.584,1,0
watts_strogatz_graph,110,17,26,17,3.877,206.311,0,1
watts_strogatz_graph,110,17,28,17,3.788,206.317,0,1
watts_strogatz_graph,110,17,24,17,4.081,214.773,0,1
watts_strogatz_graph,110,17,24,17,4.155,212.233,0,1
watts_strogatz_graph,110,17,26,17,3.975,214.203,0,1
watts_strogatz_graph,110,17,52,20,5.199,207.189,0,0
watts_strogatz_graph,110,17,28,17,4.023,210.645,0,1
watts_strogatz_graph,110,17,21,17,4.083,207.071,0,1
watts_strogatz_graph,110,17,23,17,3.839,204.704,0,1
watts_strogatz_graph,110,17,22,17,3.974,222.469,0,1
watts_strogatz_graph,110,17,30,17,4.142,214.784,0,1
watts_strogatz_graph,110,17,25,17,4.242,207.722,0,1
watts_strogatz_graph,110,17,24,17,3.612,207.979,0,1
watts_strogatz_graph,110,17,26,17,4.079,216.675,0,1
watts_strogatz_graph,110,17,21,17,4.171,219.284,0,1
watts_strogatz_graph,110,17,20,17,4.088,205.261,0,1
watts_strogatz_graph,110,17,23,17,4.039,205.436,0,1
watts_strogatz_graph,120,22,30,22,5.507,507.361,0,1
watts_strogatz_graph,120,22,28,22,6.095,451.6,0,1
watts_strogatz_graph,120,22,30,22,5.43,447.299,0,1
watts_strogatz_graph,120,22,36,22,5.551,447.491,0,1
watts_strogatz_graph,120,22,29,22,5.498,426.719,0,1
watts_strogatz_graph,120,22,25,22,5.428,483.904,0,1
watts_strogatz_graph,120,22,26,22,5.173,421.431,0,1
watts_strogatz_graph,120,22,33,22,5.5,451.172,0,1
watts_strogatz_graph,120,22,30,22,5.712,441.97,0,1
watts_strogatz_graph,120,22,29,22,5.604,435.569,0,1
watts_strogatz_graph,120,22,35,22,5.112,457.162,0,1
watts_strogatz_graph,120,22,26,22,6.101,461.068,0,1
watts_strogatz_graph,120,22,22,22,5.733,438.282,1,1
watts_strogatz_graph,120,22,28,22,5.269,439.193,0,1
watts_strogatz_graph,120,22,27,25,5.163,465.688,0,0
watts_strogatz_graph,120,22,28,22,5.655,429.8,0,1
watts_strogatz_graph,120,22,22,22,5.448,438.58,1,1
watts_strogatz_graph,120,22,22,22,6.054,478.953,1,1
watts_strogatz_graph,120,22,30,22,5.704,446.895,0,1
watts_strogatz_graph,120,22,30,22,5.492,476.421,0,1
watts_strogatz_graph,120,22,27,22,5.957,420.95,0,1
watts_strogatz_graph,120,22,28,22,6.387,427.441,0,1
watts_strogatz_graph,120,22,33,22,5.212,435.921,0,1
watts_strogatz_graph,120,22,29,22,5.443,426.834,0,1
watts_strogatz_graph,120,22,29,22,5.468,468.591,0,1
watts_strogatz_graph,120,22,29,22,5.42,430.653,0,1
watts_strogatz_graph,120,22,33,22,5.625,441.735,0,1
watts_strogatz_graph,120,22,32,25,5.381,450.822,0,0
watts_strogatz_graph,120,22,27,22,5.485,490.27,0,1
watts_strogatz_graph,120,22,25,22,5.35,431.068,0,1
watts_strogatz_graph,130,25,34,25,8.346,488.104,0,1
watts_strogatz_graph,130,25,36,25,7.172,491.4,0,1
watts_strogatz_graph,130,25,29,25,7.487,507.089,0,1
watts_strogatz_graph,130,25,30,25,6.992,469.247,0,1
watts_strogatz_graph,130,25,36,25,6.848,464.711,0,1
watts_strogatz_graph,130,25,30,25,6.619,470.799,0,1
watts_strogatz_graph,130,25,31,25,7.26,495.912,0,1
watts_strogatz_graph,130,25,31,25,6.975,498.769,0,1
watts_strogatz_graph,130,25,32,25,7.224,484.129,0,1
watts_strogatz_graph,130,25,33,25,7.161,465.539,0,1
watts_strogatz_graph,130,25,25,25,6.97,476.164,1,1
watts_strogatz_graph,130,25,34,25,8.389,477.729,0,1
watts_strogatz_graph,130,25,29,25,6.52,447.725,0,1
watts_strogatz_graph,130,25,35,25,6.664,449.773,0,1
watts_strogatz_graph,130,25,29,25,6.547,461.843,0,1
watts_strogatz_graph,130,25,30,25,6.902,506.598,0,1
watts_strogatz_graph,130,25,30,25,6.48,473.484,0,1
watts_strogatz_graph,130,25,30,25,6.968,454.381,0,1
watts_strogatz_graph,130,25,27,25,6.416,466.268,0,1
watts_strogatz_graph,130,25,30,25,6.769,491.031,0,1
watts_strogatz_graph,130,25,32,25,7.25,468.085,0,1
watts_strogatz_graph,130,25,33,25,6.364,451.848,0,1
watts_strogatz_graph,130,25,35,25,6.838,472.741,0,1
watts_strogatz_graph,130,25,63,25,6.931,470.565,0,1
watts_strogatz_graph,130,25,25,25,7.368,494.74,1,1
watts_strogatz_graph,130,25,30,25,6.439,473.31,0,1
watts_strogatz_graph,130,25,32,25,6.726,464.037,0,1
watts_strogatz_graph,130,25,30,25,6.895,451.553,0,1
watts_strogatz_graph,130,25,61,25,6.455,499.026,0,1
watts_strogatz_graph,130,25,28,25,7.062,456.951,0,1
watts_strogatz_graph,140,27,34,27,10.159,526.819,0,1
watts_strogatz_graph,140,27,35,27,9.036,542.575,0,1
watts_strogatz_graph,140,27,31,27,15.536,533.206,0,1
watts_strogatz_graph,140,27,63,27,8.004,489.047,0,1
watts_strogatz_graph,140,27,35,27,8.428,502.85,0,1
watts_strogatz_graph,140,27,36,27,8.515,514.196,0,1
watts_strogatz_graph,140,27,31,27,10.46,535.974,0,1
watts_strogatz_graph,140,27,31,27,8.309,496.954,0,1
watts_strogatz_graph,140,27,28,27,8.464,498.874,0,1
watts_strogatz_graph,140,27,40,27,8.278,502.966,0,1
watts_strogatz_graph,140,27,32,27,8.336,558.775,0,1
watts_strogatz_graph,140,27,27,27,8.424,512.852,1,1
watts_strogatz_graph,140,27,34,27,8.434,512.748,0,1
watts_strogatz_graph,140,27,37,27,8.684,501.045,0,1
watts_strogatz_graph,140,27,33,27,8.384,530.23,0,1
watts_strogatz_graph,140,27,32,27,9.006,507.029,0,1
watts_strogatz_graph,140,27,29,27,8.748,494.767,0,1
watts_strogatz_graph,140,27,33,27,8.565,513.41,0,1
watts_strogatz_graph,140,27,28,27,8.42,520.677,0,1
watts_strogatz_graph,140,27,31,27,8.261,504.212,0,1
watts_strogatz_graph,140,27,33,27,8.545,507.845,0,1
watts_strogatz_graph,140,27,30,27,8.443,504.402,0,1
watts_strogatz_graph,140,27,35,27,8.24,532.466,0,1
watts_strogatz_graph,140,27,36,27,8.412,497.146,0,1
watts_strogatz_graph,140,27,32,27,8.641,519.829,0,1
watts_strogatz_graph,140,27,33,27,8.439,512.304,0,1
watts_strogatz_graph,140,27,33,27,8.982,544.906,0,1
watts_strogatz_graph,140,27,32,27,9.057,500.008,0,1
watts_strogatz_graph,140,27,27,28,8.553,494.841,1,0
watts_strogatz_graph,140,27,28,27,8.674,505.865,0,1
watts_strogatz_graph,150,28,29,29,11.443,585.489,0,0
watts_strogatz_graph,150,28,40,28,11.313,573.006,0,1
watts_strogatz_graph,150,28,37,29,11.323,554.215,0,0
watts_strogatz_graph,150,28,30,28,10.711,601.098,0,1
watts_strogatz_graph,150,28,33,28,10.542,565.859,0,1
watts_strogatz_graph,150,28,41,28,10.468,566.741,0,1
watts_strogatz_graph,150,28,38,28,11.206,544.632,0,1
watts_strogatz_graph,150,28,30,28,9.667,580.142,0,1
watts_strogatz_graph,150,28,30,28,10.022,556.721,0,1
watts_strogatz_graph,150,28,38,29,10.608,559.236,0,0
watts_strogatz_graph,150,28,36,28,10.424,563.8,0,1
watts_strogatz_graph,150,28,35,28,17.178,532.581,0,1
watts_strogatz_graph,150,28,37,28,10.221,535.776,0,1
watts_strogatz_graph,150,28,31,28,12.711,536.715,0,1
watts_strogatz_graph,150,28,37,28,10.194,559.799,0,1
watts_strogatz_graph,150,28,38,29,9.443,546.45,0,0
watts_strogatz_graph,150,28,30,28,10.591,549.683,0,1
watts_strogatz_graph,150,28,31,28,10.315,559.36,0,1
watts_strogatz_graph,150,28,41,28,10.641,581.261,0,1
watts_strogatz_graph,150,28,31,29,10.471,589.12,0,0
watts_strogatz_graph,150,28,36,29,10.913,574.427,0,0
watts_strogatz_graph,150,28,34,28,10.503,565.682,0,1
watts_strogatz_graph,150,28,35,28,16.181,564.636,0,1
watts_strogatz_graph,150,28,38,28,10.159,579.53,0,1
watts_strogatz_graph,150,28,34,28,10.384,575.854,0,1
watts_strogatz_graph,150,28,36,28,11.697,634.3,0,1
watts_strogatz_graph,150,28,29,28,10.607,567.979,0,1
watts_strogatz_graph,150,28,41,28,10.071,563.468,0,1
watts_strogatz_graph,150,28,38,28,10.339,542.859,0,1
watts_strogatz_graph,150,28,30,28,10.869,594.746,0,1
watts_strogatz_graph,160,30,42,33,14.86,1142.05,0,0
watts_strogatz_graph,160,30,41,30,13.568,1175.65,0,1
watts_strogatz_graph,160,30,34,30,13.517,1111.29,0,1
watts_strogatz_graph,160,30,44,30,12.536,1161.4,0,1
watts_strogatz_graph,160,30,41,30,13.315,1176.4,0,1
watts_strogatz_graph,160,30,30,30,12.534,1110,1,1
watts_strogatz_graph,160,30,34,30,12.569,1166.37,0,1
watts_strogatz_graph,160,30,37,30,13.37,1128.38,0,1
watts_strogatz_graph,160,30,38,30,13.052,1197.11,0,1
watts_strogatz_graph,160,30,41,33,14.22,1117.5,0,0
watts_strogatz_graph,160,30,33,30,13.068,1157.67,0,1
watts_strogatz_graph,160,30,38,30,12.981,1117.97,0,1
watts_strogatz_graph,160,30,35,30,14.433,1149.41,0,1
watts_strogatz_graph,160,30,35,30,12.145,1097.46,0,1
watts_strogatz_graph,160,30,45,30,15.725,1078.68,0,1
watts_strogatz_graph,160,30,41,30,12.576,1122.4,0,1
watts_strogatz_graph,160,30,38,30,12.961,1135.01,0,1
watts_strogatz_graph,160,30,40,30,13.002,1095.64,0,1
watts_strogatz_graph,160,30,39,30,13.131,1100.2,0,1
watts_strogatz_graph,160,30,39,30,13.158,1124.5,0,1
watts_strogatz_graph,160,30,35,30,12.334,1070.25,0,1
watts_strogatz_graph,160,30,30,30,12.478,1140.84,1,1
watts_strogatz_graph,160,30,42,34,12.914,1116.43,0,0
watts_strogatz_graph,160,30,39,33,13.19,1173.14,0,0
watts_strogatz_graph,160,30,38,30,13.296,1120.3,0,1
watts_strogatz_graph,160,30,41,30,13.062,1170.16,0,1
watts_strogatz_graph,160,30,30,30,12.802,1118.37,1,1
watts_strogatz_graph,160,30,38,30,13.916,1082.12,0,1
watts_strogatz_graph,160,30,36,30,12.771,1163.66,0,1
watts_strogatz_graph,160,30,41,30,13.271,1095.38,0,1
watts_strogatz_graph,170,32,40,32,18.258,1235.49,0,1
watts_strogatz_graph,170,32,42,32,16.185,1186.59,0,1
watts_strogatz_graph,170,32,45,32,15.548,1248.69,0,1
watts_strogatz_graph,170,32,41,32,15.829,1264.58,0,1
watts_strogatz_graph,170,32,39,32,14.767,1183.2,0,1
watts_strogatz_graph,170,32,44,32,15.165,1222.75,0,1
watts_strogatz_graph,170,32,39,32,14.558,1219.17,0,1
watts_strogatz_graph,170,32,42,32,15.036,1258.56,0,1
watts_strogatz_graph,170,32,44,32,16.108,1176.95,0,1
watts_strogatz_graph,170,32,44,32,14.929,1195.2,0,1
watts_strogatz_graph,170,32,41,34,14.565,1218.87,0,0
watts_strogatz_graph,170,32,43,34,15.245,1197.07,0,0
watts_strogatz_graph,170,32,44,32,14.483,1174.72,0,1
watts_strogatz_graph,170,32,39,32,14.344,1173.27,0,1
watts_strogatz_graph,170,32,42,32,16.336,1239.85,0,1
watts_strogatz_graph,170,32,38,32,14.725,1152.64,0,1
watts_strogatz_graph,170,32,35,32,14.935,1222.75,0,1
watts_strogatz_graph,170,32,41,32,15.316,1205.14,0,1
watts_strogatz_graph,170,32,42,32,15.438,1174.13,0,1
watts_strogatz_graph,170,32,40,34,14.692,1207.27,0,0
watts_strogatz_graph,170,32,42,32,14.872,1183.73,0,1
watts_strogatz_graph,170,32,34,34,14.062,1256.7,0,0
watts_strogatz_graph,170,32,36,32,14.075,1209.35,0,1
watts_strogatz_graph,170,32,49,32,16.362,1190.7,0,1
watts_strogatz_graph,170,32,39,32,15.211,1236.43,0,1
watts_strogatz_graph,170,32,38,32,19.713,1268.75,0,1
watts_strogatz_graph,170,32,34,35,14.988,1229.38,0,0
watts_strogatz_graph,170,32,44,32,15.633,1251.39,0,1
watts_strogatz_graph,170,32,45,32,15.13,1208.99,0,1
watts_strogatz_graph,170,32,39,32,15.924,1257.77,0,1
watts_strogatz_graph,180,35,39,35,21.834,1283.95,0,1
watts_strogatz_graph,180,35,42,37,18.125,1393.89,0,0
watts_strogatz_graph,180,35,47,35,17.633,1361.33,0,1
watts_strogatz_graph,180,35,38,35,18.549,1268.84,0,1
watts_strogatz_graph,180,35,46,35,18.494,1242.95,0,1
watts_strogatz_graph,180,35,46,35,17.46,1256.81,0,1
watts_strogatz_graph,180,35,44,35,17.169,1251.99,0,1
watts_strogatz_graph,180,35,46,37,18.592,1270.19,0,0
watts_strogatz_graph,180,35,39,35,17.754,1224.08,0,1
watts_strogatz_graph,180,35,49,37,17.973,1306.08,0,0
watts_strogatz_graph,180,35,37,35,18.007,1326.39,0,1
watts_strogatz_graph,180,35,46,35,17.33,1221.85,0,1
watts_strogatz_graph,180,35,40,35,18.028,1279.83,0,1
watts_strogatz_graph,180,35,42,35,18.074,1284.7,0,1
watts_strogatz_graph,180,35,41,37,18.344,1323.17,0,0
watts_strogatz_graph,180,35,43,37,17.907,1309.01,0,0
watts_strogatz_graph,180,35,40,35,18.281,1239.44,0,1
watts_strogatz_graph,180,35,45,35,17.665,1278.29,0,1
watts_strogatz_graph,180,35,45,35,17.959,1319.8,0,1
watts_strogatz_graph,180,35,44,35,32.867,1268.28,0,1
watts_strogatz_graph,180,35,42,35,19.112,1312.64,0,1
watts_strogatz_graph,180,35,38,35,18.328,1252.48,0,1
watts_strogatz_graph,180,35,44,37,17.935,1282.85,0,0
watts_strogatz_graph,180,35,40,35,17.191,1298.77,0,1
watts_strogatz_graph,180,35,44,37,18.303,1234.05,0,0
watts_strogatz_graph,180,35,37,35,18.729,1300.87,0,1
watts_strogatz_graph,180,35,37,35,18.148,1306.22,0,1
watts_strogatz_graph,180,35,38,35,18.329,1326.58,0,1
watts_strogatz_graph,180,35,40,37,17.976,1287.27,0,0
watts_strogatz_graph,180,35,41,35,16.775,1204.08,0,1
watts_strogatz_graph,190,36,46,36,23.851,1383.38,0,1
watts_strogatz_graph,190,36,43,36,21.393,1392.44,0,1
watts_strogatz_graph,190,36,51,36,26.558,1373.34,0,1
watts_strogatz_graph,190,36,45,36,21.387,1423.58,0,1
watts_strogatz_graph,190,36,43,36,21.854,1399.21,0,1
watts_strogatz_graph,190,36,42,37,20.941,1343.09,0,0
watts_strogatz_graph,190,36,45,37,19.951,1362.63,0,0
watts_strogatz_graph,190,36,45,36,22.021,1391.22,0,1
watts_strogatz_graph,190,36,44,38,21.777,1320.34,0,0
watts_strogatz_graph,190,36,39,36,21.086,1418.38,0,1
watts_strogatz_graph,190,36,89,36,21.613,1410.15,0,1
watts_strogatz_graph,190,36,39,36,22.183,1373.51,0,1
watts_strogatz_graph,190,36,46,36,21.547,1393.77,0,1
watts_strogatz_graph,190,36,42,36,22.254,1379.04,0,1
watts_strogatz_graph,190,36,44,36,21.869,1366.43,0,1
watts_strogatz_graph,190,36,47,36,21.882,1390.26,0,1
watts_strogatz_graph,190,36,47,36,20.9,1394.99,0,1
watts_strogatz_graph,190,36,46,36,22.36,1366.27,0,1
watts_strogatz_graph,190,36,44,36,20.941,1368.59,0,1
watts_strogatz_graph,190,36,46,36,20.773,1428.12,0,1
watts_strogatz_graph,190,36,45,36,20.798,1328.63,0,1
watts_strogatz_graph,190,36,40,36,20.934,1344.27,0,1
watts_strogatz_graph,190,36,41,36,21.087,1362.04,0,1
watts_strogatz_graph,190,36,41,36,21.617,1318.2,0,1
watts_strogatz_graph,190,36,41,39,20.108,1456.72,0,0
watts_strogatz_graph,190,36,42,36,40.776,1353.86,0,1
watts_strogatz_graph,190,36,42,36,21.688,1318.31,0,1
watts_strogatz_graph,190,36,43,37,23.343,1375.88,0,0
watts_strogatz_graph,190,36,48,36,20.546,1307.13,0,1
watts_strogatz_graph,190,36,45,36,37.249,1356.94,0,1
watts_strogatz_graph,200,40,53,40,28.717,1479.85,0,1
watts_strogatz_graph,200,40,45,41,25.265,1467.55,0,0
watts_strogatz_graph,200,40,49,42,24.885,1444.89,0,0
watts_strogatz_graph,200,40,46,41,25.994,1456.82,0,0
watts_strogatz_graph,200,40,44,40,24.775,1451.36,0,1
watts_strogatz_graph,200,40,48,40,24.686,1415.78,0,1
watts_strogatz_graph,200,40,52,41,26.982,1448.18,0,0
watts_strogatz_graph,200,40,43,40,25.619,1476.06,0,1
watts_strogatz_graph,200,40,45,41,24.957,1464.75,0,0
watts_strogatz_graph,200,40,53,40,25.196,1457.98,0,1
watts_strogatz_graph,200,40,50,40,24.18,1423.93,0,1
watts_strogatz_graph,200,40,48,40,24.257,1413.84,0,1
watts_strogatz_graph,200,40,47,40,24.885,1418.48,0,1
watts_strogatz_graph,200,40,52,40,25.59,1430.5,0,1
watts_strogatz_graph,200,40,50,40,24.535,1448.3,0,1
watts_strogatz_graph,200,40,50,40,25.505,1398.73,0,1
watts_strogatz_graph,200,40,44,40,24.173,1454.94,0,1
watts_strogatz_graph,200,40,48,40,23.34,1440.02,0,1
watts_strogatz_graph,200,40,53,40,24.904,1445.49,0,1
watts_strogatz_graph,200,40,52,40,27.165,1442.36,0,1
watts_strogatz_graph,200,40,51,41,25.098,1455.79,0,0
watts_strogatz_graph,200,40,44,40,24.739,1448.79,0,1
watts_strogatz_graph,200,40,46,40,24.914,1411.67,0,1
watts_strogatz_graph,200,40,103,40,24.596,1450.01,0,1
watts_strogatz_graph,200,40,42,40,25.033,1497.14,0,1
watts_strogatz_graph,200,40,47,42,25.779,1424.48,0,0
watts_strogatz_graph,200,40,50,40,23.962,1485.23,0,1
watts_strogatz_graph,200,40,52,40,26.043,1474.48,0,1
watts_strogatz_graph,200,40,52,40,25.813,1461.96,0,1
watts_strogatz_graph,200,40,49,40,24.829,1453.73,0,1
